ABANDON,3,False
ABILITY,4,False
ABLE,2,True
ABORTION,3,False
ABOUT,2,False
ABOVE,2,False
ABROAD,2,False
ABSENCE,2,True
ABSOLUTE,3,True
ABSOLUTELY,4,True
ABSORB,2,False
ABUSE,2,False
ACADEMIC,4,True
ACCEPT,2,False
ACCESS,2,True
ACCIDENT,3,True
ACCOMPANY,4,False
ACCOMPLISH,3,False
ACCORDING,3,False
ACCOUNT,2,False
ACCURATE,3,True
ACCUSE,2,False
ACHIEVE,2,False
ACHIEVEMENT,3,False
ACID,2,True
ACKNOWLEDGE,3,False
ACQUIRE,3,False
ACROSS,2,False
ACT,1,True
ACTION,2,True
ACTIVE,2,True
ACTIVIST,3,True
ACTIVITY,4,False
ACTOR,2,True
ACTRESS,2,True
ACTUAL,3,True
ACTUALLY,4,True
AD,1,True
ADAPT,2,False
ADD,1,True
ADDITION,3,False
ADDITIONAL,4,False
ADDRESS,2,True
ADEQUATE,3,True
ADJUST,2,False
ADJUSTMENT,3,False
ADMINISTRATION,5,False
ADMINISTRATOR,5,False
ADMIRE,2,False
ADMISSION,3,False
ADMIT,2,False
ADOLESCENT,4,True
ADOPT,2,False
ADULT,2,False
ADVANCE,2,False
ADVANCED,2,False
ADVANTAGE,3,False
ADVENTURE,3,False
ADVERTISING,4,True
ADVICE,2,False
ADVISE,2,False
ADVISER,3,False
ADVOCATE,3,True
AFFAIR,2,False
AFFECT,2,False
AFFORD,2,False
AFRAID,2,False
AFRICAN,3,True
AFRICAN-AMERICAN,7,True
AFTER,2,True
AFTERNOON,3,True
AGAIN,2,False
AGAINST,2,False
AGE,1,True
AGENCY,3,True
AGENDA,3,False
AGENT,2,True
AGGRESSIVE,3,False
AGO,2,False
AGREE,2,False
AGREEMENT,3,False
AGRICULTURAL,5,True
AH,1,True
AHEAD,2,False
AID,1,True
AIDE,1,True
AIDS,1,True
AIM,1,True
AIR,1,True
AIRCRAFT,2,True
AIRLINE,2,True
AIRPORT,2,True
ALBUM,2,True
ALCOHOL,3,True
ALIVE,2,False
ALL,1,True
ALLIANCE,3,False
ALLOW,2,False
ALLY,2,True
ALMOST,2,True
ALONE,2,False
ALONG,2,False
ALREADY,3,False
ALSO,2,True
ALTER,2,True
ALTERNATIVE,4,False
ALTHOUGH,2,True
ALWAYS,2,True
AM,1,True
AMAZING,3,False
AMERICAN,4,False
AMONG,2,False
AMOUNT,2,False
ANALYSIS,4,False
ANALYST,3,True
ANALYZE,3,True
ANCIENT,2,True
AND,1,False
ANGER,2,True
ANGLE,2,True
ANGRY,2,True
ANIMAL,3,True
ANNIVERSARY,5,True
ANNOUNCE,2,False
ANNUAL,3,True
ANOTHER,3,False
ANSWER,2,True
ANTICIPATE,4,False
ANXIETY,4,False
ANY,2,True
ANYBODY,4,True
ANYMORE,3,True
ANYONE,3,True
ANYTHING,3,True
ANYWAY,3,True
ANYWHERE,3,True
APART,2,False
APARTMENT,3,False
APPARENT,3,False
APPARENTLY,4,False
APPEAL,2,False
APPEAR,2,False
APPEARANCE,3,False
APPLE,2,True
APPLICATION,4,True
APPLY,2,False
APPOINT,2,False
APPOINTMENT,3,False
APPRECIATE,4,False
APPROACH,2,False
APPROPRIATE,4,False
APPROVAL,3,False
APPROVE,2,False
APPROXIMATELY,5,False
ARAB,2,True
ARCHITECT,3,True
AREA,3,True
ARGUE,2,True
ARGUMENT,3,True
ARISE,2,False
ARM,1,True
ARMED,1,True
ARMY,2,True
AROUND,2,False
ARRANGE,2,False
ARRANGEMENT,3,False
ARREST,2,False
ARRIVAL,3,False
ARRIVE,2,False
ART,1,True
ARTICLE,3,True
ARTIST,2,True
ARTISTIC,3,False
AS,1,True
ASIAN,2,True
ASIDE,2,False
ASK,1,True
ASLEEP,2,False
ASPECT,2,True
ASSAULT,2,False
ASSERT,2,False
ASSESS,2,False
ASSESSMENT,3,False
ASSET,2,True
ASSIGN,2,False
ASSIGNMENT,3,False
ASSIST,2,False
ASSISTANCE,3,False
ASSISTANT,3,False
ASSOCIATE,4,False
ASSOCIATION,5,False
ASSUME,2,False
ASSUMPTION,3,False
ASSURE,2,False
AT,1,True
ATHLETE,2,True
ATHLETIC,3,False
ATMOSPHERE,3,True
ATTACH,2,False
ATTACK,2,False
ATTEMPT,2,False
ATTEND,2,False
ATTENTION,3,False
ATTITUDE,3,True
ATTORNEY,3,False
ATTRACT,2,False
ATTRACTIVE,3,False
ATTRIBUTE,3,False
AUDIENCE,3,True
AUTHOR,2,True
AUTHORITY,4,False
AUTO,2,True
AVAILABLE,4,False
AVERAGE,3,True
AVOID,2,False
AWARD,2,False
AWARE,2,False
AWARENESS,3,False
AWAY,2,False
AWFUL,2,True
BABY,2,True
BACK,1,True
BACKGROUND,2,True
BAD,1,True
BADLY,2,True
BAG,1,True
BAKE,1,True
BALANCE,2,True
BALL,1,True
BAN,1,True
BAND,1,True
BANK,1,True
BAR,1,True
BARELY,2,True
BARREL,2,True
BARRIER,3,True
BASE,1,True
BASEBALL,2,True
BASIC,2,True
BASICALLY,3,True
BASIS,2,True
BASKET,2,True
BASKETBALL,3,True
BATHROOM,2,True
BATTERY,3,True
BATTLE,2,True
BE,1,True
BEACH,1,True
BEAN,1,True
BEAR,1,True
BEAT,1,True
BEAUTIFUL,3,True
BEAUTY,2,True
BECAUSE,2,False
BECOME,2,False
BED,1,True
BEDROOM,2,True
BEER,1,True
BEFORE,2,False
BEGIN,2,False
BEGINNING,3,False
BEHAVIOR,3,False
BEHIND,2,False
BEING,2,True
BELIEF,2,False
BELIEVE,2,False
BELL,1,True
BELONG,2,False
BELOW,2,False
BELT,1,True
BENCH,1,True
BEND,1,True
BENEATH,2,False
BENEFIT,3,True
BESIDE,2,False
BESIDES,2,False
BEST,1,True
BET,1,True
BETTER,2,True
BETWEEN,2,False
BEYOND,2,False
BIBLE,2,True
BIG,1,True
BIKE,1,True
BILL,1,True
BILLION,2,True
BIND,1,True
BIOLOGICAL,5,True
BIRD,1,True
BIRTH,1,True
BIRTHDAY,2,True
BIT,1,True
BITE,1,True
BLACK,1,True
BLADE,1,True
BLAME,1,True
BLANKET,2,True
BLIND,1,True
BLOCK,1,True
BLOOD,1,True
BLOW,1,True
BLUE,1,True
BOARD,1,True
BOAT,1,True
BODY,2,True
BOMB,1,True
BOMBING,2,True
BOND,1,True
BONE,1,True
BOOK,1,True
BOOM,1,True
BOOT,1,True
BORDER,2,True
BORN,1,True
BORROW,2,True
BOSS,1,True
BOTH,1,True
BOTHER,2,True
BOTTLE,2,True
BOTTOM,2,True
BOUNDARY,3,True
BOWL,1,True
BOX,1,True
BOY,1,True
BOYFRIEND,2,True
BRAIN,1,True
BRANCH,1,True
BRAND,1,True
BREAD,1,True
BREAK,1,True
BREAKFAST,2,True
BREAST,1,True
BREATH,1,True
BREATHE,1,True
BRICK,1,True
BRIDGE,1,True
BRIEF,1,True
BRIEFLY,2,True
BRIGHT,1,True
BRILLIANT,2,True
BRING,1,True
BRITISH,2,True
BROAD,1,True
BROKEN,2,True
BROTHER,2,True
BROWN,1,True
BRUSH,1,True
BUCK,1,True
BUDGET,2,True
BUILD,1,True
BUILDING,2,True
BULLET,2,True
BUNCH,1,True
BURDEN,2,True
BURN,1,True
BURY,2,True
BUS,1,True
BUSINESS,2,True
BUSY,2,True
BUT,1,True
BUTTER,2,True
BUTTON,2,True
BUY,1,True
BUYER,2,True
BY,1,True
CABIN,2,True
CABINET,3,True
CABLE,2,True
CAKE,1,True
CALCULATE,3,True
CALL,1,True
CAMERA,3,True
CAMP,1,True
CAMPAIGN,2,False
CAMPUS,2,True
CAN,1,True
CANADIAN,4,False
CANCER,2,True
CANDIDATE,3,True
CAP,1,True
CAPABILITY,5,True
CAPABLE,3,True
CAPACITY,4,False
CAPITAL,3,True
CAPTAIN,2,True
CAPTURE,2,True
CAR,1,True
CARBON,2,True
CARD,1,True
CARE,1,True
CAREER,2,False
CAREFUL,2,True
CAREFULLY,3,True
CARRIER,3,True
CARRY,2,True
CASE,1,True
CASH,1,True
CAST,1,True
CAT,1,True
CATCH,1,True
CATEGORY,4,True
CATHOLIC,2,True
CAUSE,1,True
CEILING,2,True
CELEBRATE,3,True
CELEBRATION,4,True
CELEBRITY,4,False
CELL,1,True
CENTER,2,True
CENTRAL,2,True
CENTURY,3,True
CEO,3,True
CEREMONY,4,True
CERTAIN,2,True
CERTAINLY,3,True
CHAIN,1,True
CHAIR,1,True
CHAIRMAN,2,True
CHALLENGE,2,True
CHAMBER,2,True
CHAMPION,3,True
CHAMPIONSHIP,4,True
CHANCE,1,True
CHANGE,1,True
CHANGING,2,True
CHANNEL,2,True
CHAPTER,2,True
CHARACTER,3,True
CHARACTERISTIC,5,True
CHARACTERIZE,4,True
CHARGE,1,True
CHARITY,3,True
CHART,1,True
CHASE,1,True
CHEAP,1,True
CHECK,1,True
CHEEK,1,True
CHEESE,1,True
CHEF,1,True
CHEMICAL,3,True
CHEST,1,True
CHICKEN,2,True
CHIEF,1,True
CHILD,1,True
CHILDHOOD,2,True
CHINESE,2,False
CHIP,1,True
CHOCOLATE,2,True
CHOICE,1,True
CHOLESTEROL,4,False
CHOOSE,1,True
CHRISTIAN,2,True
CHRISTMAS,2,True
CHURCH,1,True
CIGARETTE,3,True
CIRCLE,2,True
CIRCUMSTANCE,3,True
CITE,1,True
CITIZEN,3,True
CITY,2,True
CIVIL,2,True
CIVILIAN,3,False
CLAIM,1,True
CLASS,1,True
CLASSIC,2,True
CLASSROOM,2,True
CLEAN,1,True
CLEAR,1,True
CLEARLY,2,True
CLIENT,2,True
CLIMATE,2,True
CLIMB,1,True
CLINIC,2,True
CLINICAL,3,True
CLOCK,1,True
CLOSE,1,True
CLOSELY,2,True
CLOSER,2,True
CLOTHES,1,True
CLOTHING,2,True
CLOUD,1,True
CLUB,1,True
CLUE,1,True
CLUSTER,2,True
COACH,1,True
COAL,1,True
COALITION,4,True
COAST,1,True
COAT,1,True
CODE,1,True
COFFEE,2,True
COGNITIVE,3,True
COLD,1,True
COLLAPSE,2,False
COLLEAGUE,2,True
COLLECT,2,False
COLLECTION,3,False
COLLECTIVE,3,False
COLLEGE,2,True
COLONIAL,4,False
COLOR,2,True
COLUMN,2,True
COMBINATION,4,True
COMBINE,2,True
COME,1,True
COMEDY,3,True
COMFORT,2,True
COMFORTABLE,4,True
COMMAND,2,False
COMMANDER,3,False
COMMENT,2,True
COMMERCIAL,3,False
COMMISSION,3,False
COMMIT,2,False
COMMITMENT,3,False
COMMITTEE,3,False
COMMON,2,True
COMMUNICATE,4,False
COMMUNICATION,5,False
COMMUNITY,4,False
COMPANY,3,True
COMPARE,2,False
COMPARISON,4,False
COMPETE,2,False
COMPETITION,4,True
COMPETITIVE,4,False
COMPETITOR,4,False
COMPLAIN,2,False
COMPLAINT,2,False
COMPLETE,2,False
COMPLETELY,3,False
COMPLEX,2,True
COMPLICATED,4,True
COMPONENT,3,False
COMPOSE,2,False
COMPOSITION,4,True
COMPREHENSIVE,4,True
COMPUTER,3,False
CONCENTRATE,3,True
CONCENTRATION,4,True
CONCEPT,2,True
CONCERN,2,False
CONCERNED,2,False
CONCERT,2,True
CONCLUDE,2,False
CONCLUSION,3,False
CONCRETE,2,False
CONDITION,3,False
CONDUCT,2,True
CONFERENCE,3,True
CONFIDENCE,3,True
CONFIDENT,3,True
CONFIRM,2,False
CONFLICT,2,True
CONFRONT,2,False
CONFUSION,3,False
CONGRESS,2,True
CONGRESSIONAL,4,False
CONNECT,2,False
CONNECTION,3,False
CONSCIOUSNESS,3,True
CONSENSUS,3,False
CONSEQUENCE,3,True
CONSERVATIVE,4,False
CONSIDER,3,False
CONSIDERABLE,5,False
CONSIDERATION,5,False
CONSIST,2,False
CONSISTENT,3,False
CONSTANT,2,True
CONSTANTLY,3,True
CONSTITUTE,3,True
CONSTITUTIONAL,5,True
CONSTRUCT,2,False
CONSTRUCTION,3,False
CONSULTANT,3,False
CONSUME,2,False
CONSUMER,3,False
CONSUMPTION,3,False
CONTACT,2,True
CONTAIN,2,False
CONTAINER,3,False
CONTEMPORARY,5,False
CONTENT,2,True
CONTEST,2,True
CONTEXT,2,True
CONTINUE,3,False
CONTINUED,3,False
CONTRACT,2,True
CONTRAST,2,True
CONTRIBUTE,3,False
CONTRIBUTION,4,True
CONTROL,2,False
CONTROVERSIAL,4,True
CONTROVERSY,4,True
CONVENTION,3,False
CONVENTIONAL,4,False
CONVERSATION,4,True
CONVERT,2,True
CONVICTION,3,False
CONVINCE,2,False
COOK,1,True
COOKIE,2,True
COOKING,2,True
COOL,1,True
COOPERATION,5,False
COP,1,True
COPE,1,True
COPY,2,True
CORE,1,True
CORN,1,True
CORNER,2,True
CORPORATE,3,True
CORPORATION,4,True
CORRECT,2,False
CORRESPONDENT,4,True
COST,1,True
COTTON,2,True
COUCH,1,True
COULD,1,True
COUNCIL,2,True
COUNSELOR,3,True
COUNT,1,True
COUNTER,2,True
COUNTRY,2,True
COUNTY,2,True
COUPLE,2,True
COURAGE,2,True
COURSE,1,True
COURT,1,True
COUSIN,2,True
COVER,2,True
COVERAGE,3,True
COW,1,True
CRACK,1,True
CRAFT,1,True
CRASH,1,True
CRAZY,2,True
CREAM,1,True
CREATE,2,False
CREATION,3,False
CREATIVE,3,False
CREATURE,2,True
CREDIT,2,True
CREW,1,True
CRIME,1,True
CRIMINAL,3,True
CRISIS,2,True
CRITERIA,4,False
CRITIC,2,True
CRITICAL,3,True
CRITICISM,4,True
CRITICIZE,3,True
CROP,1,True
CROSS,1,True
CROWD,1,True
CRUCIAL,2,True
CRY,1,True
CULTURAL,3,True
CULTURE,2,True
CUP,1,True
CURIOUS,3,True
CURRENT,2,True
CURRENTLY,3,True
CURRICULUM,4,False
CUSTOM,2,True
CUSTOMER,3,True
CUT,1,True
CYCLE,2,True
DAD,1,True
DAILY,2,True
DAMAGE,2,True
DANCE,1,True
DANGER,2,True
DANGEROUS,3,True
DARE,1,True
DARK,1,True
DARKNESS,2,True
DATA,2,True
DATE,1,True
DAUGHTER,2,True
DAY,1,True
DEAD,1,True
DEAL,1,True
DEALER,2,True
DEAR,1,True
DEATH,1,True
DEBATE,2,False
DEBT,1,True
DECADE,2,False
DECIDE,2,True
DECISION,3,False
DECK,1,True
DECLARE,2,False
DECLINE,2,False
DECREASE,2,False
DEEP,1,True
DEEPLY,2,True
DEER,1,True
DEFEAT,2,False
DEFEND,2,False
DEFENDANT,3,False
DEFENSE,2,False
DEFENSIVE,3,False
DEFICIT,3,True
DEFINE,2,False
DEFINITELY,4,True
DEFINITION,4,True
DEGREE,2,False
DELAY,2,False
DELIVER,3,False
DELIVERY,4,False
DEMAND,2,False
DEMOCRACY,4,False
DEMOCRAT,3,True
DEMOCRATIC,4,True
DEMONSTRATE,3,True
DEMONSTRATION,4,True
DENY,2,False
DEPARTMENT,3,False
DEPEND,2,False
DEPENDENT,3,False
DEPENDING,3,False
DEPICT,2,False
DEPRESSION,3,False
DEPTH,1,True
DEPUTY,3,True
DERIVE,2,False
DESCRIBE,2,False
DESCRIPTION,3,False
DESERT,2,True
DESERVE,2,False
DESIGN,2,False
DESIGNER,3,False
DESIRE,3,False
DESK,1,True
DESPERATE,2,True
DESPITE,2,False
DESTROY,2,False
DESTRUCTION,3,False
DETAIL,2,False
DETAILED,2,False
DETECT,2,False
DETERMINE,3,False
DEVELOP,3,False
DEVELOPING,4,False
DEVELOPMENT,4,False
DEVICE,2,False
DEVOTE,2,False
DIALOGUE,3,True
DIE,1,True
DIET,2,True
DIFFER,2,True
DIFFERENCE,3,True
DIFFERENT,3,True
DIFFERENTLY,3,True
DIFFICULT,3,True
DIFFICULTY,4,True
DIG,1,True
DIGITAL,3,True
DIMENSION,3,False
DINING,2,True
DINNER,2,True
DIRECT,2,False
DIRECTION,3,False
DIRECTLY,3,False
DIRECTOR,3,False
DIRT,1,True
DIRTY,2,True
DISABILITY,5,True
DISAGREE,3,False
DISAPPEAR,3,True
DISASTER,3,False
DISCIPLINE,3,True
DISCOURSE,2,True
DISCOVER,3,False
DISCOVERY,4,False
DISCRIMINATION,5,False
DISCUSS,2,False
DISCUSSION,3,False
DISEASE,2,False
DISH,1,True
DISMISS,2,False
DISORDER,3,False
DISPLAY,2,False
DISPUTE,2,False
DISTANCE,2,True
DISTANT,2,True
DISTINCT,2,False
DISTINCTION,3,False
DISTINGUISH,3,False
DISTRIBUTE,3,False
DISTRIBUTION,4,True
DISTRICT,2,True
DIVERSE,2,False
DIVERSITY,4,False
DIVIDE,2,False
DIVISION,3,False
DIVORCE,2,False
DNA,3,True
DO,1,True
DOCTOR,2,True
DOCUMENT,3,True
DOG,1,True
DOMESTIC,3,False
DOMINANT,3,True
DOMINATE,3,True
DOOR,1,True
DOUBLE,2,True
DOUBT,1,True
DOWN,1,True
DOWNTOWN,2,True
DOZEN,2,True
DRAFT,1,True
DRAG,1,True
DRAMA,2,True
DRAMATIC,3,False
DRAMATICALLY,4,False
DRAW,1,True
DRAWING,2,True
DREAM,1,True
DRESS,1,True
DRINK,1,True
DRIVE,1,True
DRIVER,2,True
DROP,1,True
DRUG,1,True
DRY,1,True
DUE,1,True
DURING,2,True
DUST,1,True
DUTY,2,True
E-MAIL,2,True
EACH,1,True
EAGER,2,True
EAR,1,True
EARLY,2,True
EARN,1,True
EARNINGS,2,True
EARTH,1,True
EASE,1,True
EASILY,3,True
EAST,1,True
EASTERN,2,True
EASY,2,True
EAT,1,True
ECONOMIC,4,True
ECONOMICS,4,True
ECONOMIST,4,False
ECONOMY,4,False
EDGE,1,True
EDITION,3,False
EDITOR,3,True
EDUCATE,3,True
EDUCATION,4,True
EDUCATIONAL,5,True
EDUCATOR,4,True
EFFECT,2,False
EFFECTIVE,3,False
EFFECTIVELY,4,False
EFFICIENCY,4,False
EFFICIENT,3,False
EFFORT,2,True
EGG,1,True
EIGHT,1,True
EITHER,2,True
ELDERLY,3,True
ELECT,2,False
ELECTION,3,False
ELECTRIC,3,False
ELECTRICITY,5,False
ELECTRONIC,4,True
ELEMENT,3,True
ELEMENTARY,4,True
ELIMINATE,4,False
ELITE,2,False
ELSE,1,True
ELSEWHERE,2,True
EMBRACE,2,False
EMERGE,2,False
EMERGENCY,4,False
EMISSION,3,False
EMOTION,3,False
EMOTIONAL,4,False
EMPHASIS,3,True
EMPHASIZE,3,True
EMPLOY,2,False
EMPLOYEE,3,False
EMPLOYER,3,False
EMPLOYMENT,3,False
EMPTY,2,True
ENABLE,3,False
ENCOUNTER,3,False
ENCOURAGE,3,False
END,1,True
ENEMY,3,True
ENERGY,3,True
ENFORCEMENT,3,False
ENGAGE,2,False
ENGINE,2,True
ENGINEER,3,True
ENGINEERING,4,True
ENGLISH,2,True
ENHANCE,2,False
ENJOY,2,True
ENORMOUS,3,False
ENOUGH,2,False
ENSURE,2,False
ENTER,2,True
ENTERPRISE,3,True
ENTERTAINMENT,4,True
ENTIRE,3,False
ENTIRELY,4,False
ENTRANCE,2,True
ENTRY,2,True
ENVIRONMENT,4,False
ENVIRONMENTAL,5,False
EPISODE,3,True
EQUAL,2,True
EQUALLY,3,True
EQUIPMENT,3,False
ERA,2,True
ERROR,2,True
ESCAPE,2,False
ESPECIALLY,3,False
ESSAY,2,False
ESSENTIAL,3,False
ESSENTIALLY,4,False
ESTABLISH,3,False
ESTABLISHMENT,4,False
ESTATE,2,False
ESTIMATE,3,True
ETC,4,True
ETHICS,2,True
ETHNIC,2,True
EUROPEAN,4,True
EVALUATE,4,False
EVALUATION,5,False
EVEN,2,True
EVENING,2,True
EVENT,2,False
EVENTUALLY,5,False
EVER,2,True
EVERY,3,True
EVERYBODY,4,True
EVERYDAY,3,True
EVERYONE,3,True
EVERYTHING,3,True
EVERYWHERE,3,True
EVIDENCE,3,True
EVOLUTION,4,True
EVOLVE,2,False
EXACT,2,False
EXACTLY,3,False
EXAMINATION,5,False
EXAMINE,3,False
EXAMPLE,3,False
EXCEED,2,False
EXCELLENT,3,True
EXCEPT,2,False
EXCEPTION,3,False
EXCHANGE,2,False
EXCITING,3,False
EXECUTIVE,4,False
EXERCISE,3,True
EXHIBIT,3,False
EXHIBITION,4,True
EXIST,2,False
EXISTENCE,3,False
EXISTING,3,False
EXPAND,2,False
EXPANSION,3,False
EXPECT,2,False
EXPECTATION,4,True
EXPENSE,2,False
EXPENSIVE,3,False
EXPERIENCE,4,False
EXPERIMENT,4,False
EXPERT,2,True
EXPLAIN,2,False
EXPLANATION,4,True
EXPLODE,2,False
EXPLORE,2,False
EXPLOSION,3,False
EXPOSE,2,False
EXPOSURE,3,False
EXPRESS,2,False
EXPRESSION,3,False
EXTEND,2,False
EXTENSION,3,False
EXTENSIVE,3,False
EXTENT,2,False
EXTERNAL,3,False
EXTRA,2,True
EXTRAORDINARY,6,True
EXTREME,2,False
EXTREMELY,3,False
EYE,1,True
FABRIC,2,True
FACE,1,True
FACILITY,4,False
FACT,1,True
FACTOR,2,True
FACTORY,3,True
FACULTY,3,True
FADE,1,True
FAIL,1,True
FAILURE,2,True
FAIR,1,True
FAIRLY,2,True
FAITH,1,True
FALL,1,True
FALSE,1,True
FAMILIAR,3,False
FAMILY,3,True
FAMOUS,2,True
FAN,1,True
FANTASY,3,True
FAR,1,True
FARM,1,True
FARMER,2,True
FASHION,2,True
FAST,1,True
FAT,1,True
FATE,1,True
FATHER,2,True
FAULT,1,True
FAVOR,2,True
FAVORITE,3,True
FEAR,1,True
FEATURE,2,True
FEDERAL,3,True
FEE,1,True
FEED,1,True
FEEL,1,True
FEELING,2,True
FELLOW,2,True
FEMALE,2,True
FENCE,1,True
FEW,1,True
FEWER,2,True
FIBER,2,True
FICTION,2,True
FIELD,1,True
FIFTEEN,2,False
FIFTH,1,True
FIFTY,2,True
FIGHT,1,True
FIGHTER,2,True
FIGHTING,2,True
FIGURE,2,True
FILE,1,True
FILL,1,True
FILM,1,True
FINAL,2,True
FINALLY,3,True
FINANCE,2,False
FINANCIAL,3,False
FIND,1,True
FINDING,2,True
FINE,1,True
FINGER,2,True
FINISH,2,True
FIRE,2,True
FIRM,1,True
FIRST,1,True
FISH,1,True
FISHING,2,True
FIT,1,True
FITNESS,2,True
FIVE,1,True
FIX,1,True
FLAG,1,True
FLAME,1,True
FLAT,1,True
FLAVOR,2,True
FLEE,1,True
FLESH,1,True
FLIGHT,1,True
FLOAT,1,True
FLOOR,1,True
FLOW,1,True
FLOWER,2,True
FLY,1,True
FOCUS,2,True
FOLK,1,True
FOLLOW,2,True
FOLLOWING,3,True
FOOD,1,True
FOOT,1,True
FOOTBALL,2,True
FOR,1,True
FORCE,1,True
FOREIGN,2,True
FOREST,2,True
FOREVER,3,False
FORGET,2,False
FORM,1,True
FORMAL,2,True
FORMATION,3,False
FORMER,2,True
FORMULA,3,True
FORTH,1,True
FORTUNE,2,True
FORWARD,2,True
FOUND,1,True
FOUNDATION,3,False
FOUNDER,2,True
FOUR,1,True
FOURTH,1,True
FRAME,1,True
FRAMEWORK,2,True
FREE,1,True
FREEDOM,2,True
FREEZE,1,True
FRENCH,1,True
FREQUENCY,3,True
FREQUENT,2,True
FREQUENTLY,3,True
FRESH,1,True
FRIEND,1,True
FRIENDLY,2,True
FRIENDSHIP,2,True
FROM,1,True
FRONT,1,True
FRUIT,1,True
FRUSTRATION,3,False
FUEL,2,True
FULL,1,True
FULLY,2,True
FUN,1,True
FUNCTION,2,True
FUND,1,True
FUNDAMENTAL,4,True
FUNDING,2,True
FUNERAL,3,True
FUNNY,2,True
FURNITURE,3,True
FURTHERMORE,3,True
FUTURE,2,True
GAIN,1,True
GALAXY,3,True
GALLERY,3,True
GAME,1,True
GANG,1,True
GAP,1,True
GARAGE,2,False
GARDEN,2,True
GARLIC,2,True
GAS,1,True
GATE,1,True
GATHER,2,True
GAY,1,True
GAZE,1,True
GEAR,1,True
GENDER,2,True
GENE,1,True
GENERAL,3,True
GENERALLY,4,True
GENERATE,3,True
GENERATION,4,True
GENETIC,3,False
GENTLEMAN,3,True
GENTLY,2,True
GERMAN,2,True
GESTURE,2,True
GET,1,True
GHOST,1,True
GIANT,2,True
GIFT,1,True
GIFTED,2,True
GIRL,1,True
GIRLFRIEND,2,True
GIVE,1,True
GIVEN,2,True
GLAD,1,True
GLANCE,1,True
GLASS,1,True
GLOBAL,2,True
GLOVE,1,True
GO,1,True
GOAL,1,True
GOD,1,True
GOLD,1,True
GOLDEN,2,True
GOLF,1,True
GOOD,1,True
GOVERNMENT,3,True
GOVERNOR,3,True
GRAB,1,True
GRADE,1,True
GRADUALLY,4,True
GRADUATE,3,True
GRAIN,1,True
GRAND,1,True
GRANDFATHER,3,True
GRANDMOTHER,3,True
GRANT,1,True
GRASS,1,True
GRAVE,1,True
GRAY,1,True
GREAT,1,True
GREATEST,2,True
GREEN,1,True
GROCERY,3,True
GROUND,1,True
GROUP,1,True
GROW,1,True
GROWING,2,True
GROWTH,1,True
GUARANTEE,3,True
GUARD,1,True
GUESS,1,True
GUEST,1,True
GUIDE,1,True
GUIDELINE,2,True
GUILTY,2,True
GUN,1,True
GUY,1,True
HABIT,2,True
HABITAT,3,True
HAIR,1,True
HALF,1,True
HALL,1,True
HAND,1,True
HANDFUL,2,True
HANDLE,2,True
HANG,1,True
HAPPEN,2,True
HAPPY,2,True
HARD,1,True
HARDLY,2,True
HAT,1,True
HATE,1,True
HAVE,1,True
HE,1,True
HEAD,1,True
HEADLINE,2,True
HEADQUARTERS,3,True
HEALTH,1,True
HEALTHY,2,True
HEAR,1,True
HEARING,2,True
HEART,1,True
HEAT,1,True
HEAVEN,2,True
HEAVILY,3,True
HEAVY,2,True
HEEL,1,True
HEIGHT,1,True
HELICOPTER,4,True
HELL,1,True
HELLO,2,False
HELP,1,True
HELPFUL,2,True
HER,1,True
HERE,1,True
HERITAGE,3,True
HERO,2,True
HERSELF,2,False
HEY,1,True
HI,1,True
HIDE,1,True
HIGH,1,True
HIGHLIGHT,2,True
HIGHLY,2,True
HIGHWAY,2,True
HILL,1,True
HIM,1,True
HIMSELF,2,False
HIP,1,True
HIRE,2,True
HIS,1,True
HISTORIAN,4,False
HISTORIC,3,False
HISTORICAL,4,False
HISTORY,3,True
HIT,1,True
HOLD,1,True
HOLE,1,True
HOLIDAY,3,True
HOLY,2,True
HOME,1,True
HOMELESS,2,True
HONEST,2,True
HONEY,2,True
HONOR,2,True
HOPE,1,True
HORIZON,3,False
HORROR,2,True
HORSE,1,True
HOSPITAL,3,True
HOST,1,True
HOT,1,True
HOTEL,2,False
HOUR,2,True
HOUSE,1,True
HOUSEHOLD,2,True
HOUSING,2,True
HOW,1,True
HOWEVER,3,True
HUGE,1,True
HUMAN,2,True
HUMOR,2,True
HUNDRED,2,True
HUNGRY,2,True
HUNTER,2,True
HUNTING,2,True
HURT,1,True
HUSBAND,2,True
HYPOTHESIS,4,False
I,1,True
ICE,1,True
IDEA,3,False
IDEAL,2,False
IDENTIFICATION,6,False
IDENTIFY,4,False
IDENTITY,4,False
IF,1,True
IGNORE,2,True
ILL,1,True
ILLEGAL,3,True
ILLNESS,2,True
ILLUSTRATE,3,True
IMAGE,2,True
IMAGINATION,5,True
IMAGINE,3,True
IMMEDIATE,4,True
IMMEDIATELY,5,True
IMMIGRANT,3,True
IMMIGRATION,4,True
IMPACT,2,True
IMPLEMENT,3,True
IMPLICATION,4,True
IMPLY,2,True
IMPORTANCE,3,True
IMPORTANT,3,True
IMPOSE,2,True
IMPOSSIBLE,4,True
IMPRESS,2,True
IMPRESSION,3,True
IMPRESSIVE,3,True
IMPROVE,2,True
IMPROVEMENT,3,True
IN,1,False
INCENTIVE,3,True
INCIDENT,3,True
INCLUDE,2,True
INCLUDING,3,True
INCOME,2,True
INCORPORATE,4,True
INCREASE,2,True
INCREASED,2,True
INCREASING,3,True
INCREASINGLY,4,True
INCREDIBLE,4,True
INDEED,2,True
INDEPENDENCE,4,True
INDEPENDENT,4,True
INDEX,2,True
INDIAN,3,True
INDICATE,3,True
INDICATION,4,True
INDIVIDUAL,5,True
INDUSTRIAL,4,True
INDUSTRY,3,True
INFANT,2,True
INFECTION,3,True
INFLATION,3,True
INFLUENCE,3,True
INFORM,2,True
INFORMATION,4,True
INGREDIENT,4,True
INITIAL,3,True
INITIALLY,4,True
INITIATIVE,4,True
INJURY,3,True
INNER,2,True
INNOCENT,3,True
INQUIRY,3,True
INSIDE,2,True
INSIGHT,2,True
INSIST,2,True
INSPIRE,2,True
INSTALL,2,True
INSTANCE,2,True
INSTEAD,2,True
INSTITUTION,4,True
INSTITUTIONAL,5,True
INSTRUCTION,3,True
INSTRUCTOR,3,True
INSTRUMENT,3,True
INSURANCE,3,True
INTELLECTUAL,5,True
INTELLIGENCE,4,True
INTEND,2,True
INTENSE,2,True
INTENSITY,4,True
INTENTION,3,True
INTERACTION,4,True
INTEREST,3,True
INTERESTED,4,True
INTERESTING,4,True
INTERNAL,3,True
INTERNATIONAL,5,True
INTERNET,3,True
INTERPRET,3,True
INTERPRETATION,5,True
INTERVENTION,4,True
INTERVIEW,3,True
INTO,2,True
INTRODUCE,3,True
INTRODUCTION,4,True
INVASION,3,True
INVEST,2,True
INVESTIGATE,4,True
INVESTIGATION,5,True
INVESTIGATOR,5,True
INVESTMENT,3,True
INVESTOR,3,True
INVITE,2,True
INVOLVE,2,True
INVOLVED,2,True
INVOLVEMENT,3,True
IRAQI,3,True
IRISH,2,True
IRON,2,True
ISLAMIC,3,True
ISLAND,2,True
ISRAELI,3,True
ISSUE,2,True
IT,1,True
ITALIAN,3,True
ITEM,2,True
ITS,1,True
ITSELF,2,True
JACKET,2,True
JAIL,1,True
JAPANESE,3,True
JET,1,True
JEW,1,True
JEWISH,2,True
JOB,1,True
JOIN,1,True
JOINT,1,True
JOKE,1,True
JOURNAL,2,True
JOURNALIST,3,True
JOURNEY,2,True
JOY,1,True
JUDGE,1,True
JUDGMENT,2,True
JUICE,1,True
JUMP,1,True
JUNIOR,2,True
JURY,2,True
JUST,1,True
JUSTICE,2,True
JUSTIFY,3,True
KEEP,1,True
KEY,1,True
KICK,1,True
KID,1,True
KILL,1,True
KILLER,2,True
KILLING,2,True
KIND,1,True
KING,1,True
KISS,1,True
KITCHEN,2,True
KNEE,1,True
KNIFE,1,True
KNOCK,1,True
KNOW,1,True
KNOWLEDGE,2,True
LAB,1,True
LABEL,2,True
LABOR,2,True
LABORATORY,4,True
LACK,1,True
LADY,2,True
LAKE,1,True
LAND,1,True
LANDSCAPE,2,True
LANGUAGE,2,True
LAP,1,True
LARGE,1,True
LARGELY,2,True
LAST,1,True
LATE,1,True
LATER,2,True
LATIN,2,True
LATTER,2,True
LAUGH,1,True
LAUNCH,1,True
LAW,1,True
LAWN,1,True
LAWSUIT,2,True
LAWYER,2,True
LAY,1,True
LAYER,2,True
LEAD,1,True
LEADER,2,True
LEADERSHIP,3,True
LEADING,2,True
LEAF,1,True
LEAGUE,1,True
LEAN,1,True
LEARN,1,True
LEARNING,2,True
LEAST,1,True
LEATHER,2,True
LEAVE,1,True
LEFT,1,True
LEG,1,True
LEGACY,3,True
LEGAL,2,True
LEGEND,2,True
LEGISLATION,4,True
LEGITIMATE,4,False
LEMON,2,True
LENGTH,1,True
LESS,1,True
LESSON,2,True
LET,1,True
LETTER,2,True
LEVEL,2,True
LIBERAL,3,True
LIBRARY,3,True
LICENSE,2,True
LIE,1,True
LIFE,1,True
LIFESTYLE,2,True
LIFETIME,2,True
LIFT,1,True
LIGHT,1,True
LIKE,1,True
LIKELY,2,True
LIMIT,2,True
LIMITATION,4,True
LIMITED,3,True
LINE,1,True
LINK,1,True
LIP,1,True
LIST,1,True
LISTEN,2,True
LITERALLY,4,True
LITERARY,4,True
LITERATURE,4,True
LITTLE,2,True
LIVE,1,True
LIVING,2,True
LOAD,1,True
LOAN,1,True
LOCAL,2,True
LOCATE,2,True
LOCATION,3,False
LOCK,1,True
LONG,1,True
LONG-TERM,2,True
LOOK,1,True
LOOSE,1,True
LOSE,1,True
LOSS,1,True
LOST,1,True
LOT,1,True
LOTS,1,True
LOUD,1,True
LOVE,1,True
LOVELY,2,True
LOVER,2,True
LOW,1,True
LOWER,2,True
LUCK,1,True
LUCKY,2,True
LUNCH,1,True
LUNG,1,True
MACHINE,2,False
MAD,1,True
MAGAZINE,3,True
MAIL,1,True
MAIN,1,True
MAINLY,2,True
MAINTAIN,2,False
MAINTENANCE,3,True
MAJOR,2,True
MAJORITY,4,False
MAKE,1,True
MAKER,2,True
MAKEUP,2,True
MALE,1,True
MALL,1,True
MAN,1,True
MANAGE,2,True
MANAGEMENT,3,True
MANAGER,3,True
MANNER,2,True
MANUFACTURER,5,True
MANUFACTURING,5,True
MANY,2,True
MAP,1,True
MARGIN,2,True
MARK,1,True
MARKET,2,True
MARKETING,3,True
MARRIAGE,2,True
MARRIED,2,True
MARRY,2,True
MASK,1,True
MASS,1,True
MASSIVE,2,True
MASTER,2,True
MATCH,1,True
MATERIAL,4,False
MATH,1,True
MATTER,2,True
MAY,1,True
MAYBE,2,True
MAYOR,2,True
ME,1,True
MEAL,1,True
MEAN,1,True
MEANING,2,True
MEANWHILE,2,True
MEASURE,2,True
MEASUREMENT,3,True
MEAT,1,True
MECHANISM,4,True
MEDIA,3,True
MEDICAL,3,True
MEDICATION,4,True
MEDICINE,3,True
MEDIUM,3,True
MEET,1,True
MEETING,2,True
MEMBER,2,True
MEMBERSHIP,3,True
MEMORY,3,True
MENTAL,2,True
MENTION,2,True
MENU,2,True
MERE,1,True
MERELY,2,True
MESS,1,True
MESSAGE,2,True
METAL,2,True
METER,2,True
METHOD,2,True
MEXICAN,3,True
MIDDLE,2,True
MIGHT,1,True
MILITARY,4,True
MILK,1,True
MILLION,2,True
MIND,1,True
MINE,1,True
MINISTER,3,True
MINOR,2,True
MINORITY,4,False
MINUTE,2,True
MIRACLE,3,True
MIRROR,2,True
MISS,1,True
MISSILE,2,True
MISSION,2,True
MISTAKE,2,False
MIX,1,True
MIXTURE,2,True
MODE,1,True
MODEL,2,True
MODERATE,3,True
MODERN,2,True
MODEST,2,True
MOM,1,True
MOMENT,2,True
MONEY,2,True
MONITOR,3,True
MONTH,1,True
MOOD,1,True
MOON,1,True
MORAL,2,True
MORE,1,True
MOREOVER,3,False
MORNING,2,True
MORTGAGE,2,True
MOST,1,True
MOSTLY,2,True
MOTHER,2,True
MOTION,2,True
MOTIVATION,4,True
MOTOR,2,True
MOUNT,1,True
MOUNTAIN,2,True
MOUSE,1,True
MOUTH,1,True
MOVE,1,True
MOVEMENT,2,True
MOVIE,2,True
MR,2,True
MRS,2,True
MS,1,True
MUCH,1,True
MULTIPLE,3,True
MURDER,2,True
MUSCLE,2,True
MUSEUM,3,False
MUSIC,2,True
MUSICAL,3,True
MUSICIAN,3,False
MUSLIM,2,True
MUST,1,True
MUTUAL,3,True
MY,1,True
MYSELF,2,True
MYSTERY,3,True
MYTH,1,True
NAKED,2,True
NAME,1,True
NARRATIVE,3,True
NARROW,2,True
NATION,2,True
NATIONAL,3,True
NATIVE,2,True
NATURAL,3,True
NATURALLY,4,True
NATURE,2,True
NEAR,1,True
NEARBY,2,True
NEARLY,2,True
NECESSARILY,5,True
NECESSARY,4,True
NECK,1,True
NEED,1,True
NEGATIVE,3,True
NEGOTIATE,4,False
NEGOTIATION,5,False
NEIGHBOR,2,True
NEIGHBORHOOD,3,True
NEITHER,2,True
NERVE,1,True
NERVOUS,2,True
NET,1,True
NETWORK,2,True
NEVER,2,True
NEVERTHELESS,4,True
NEW,1,True
NEWLY,2,True
NEWS,1,True
NEWSPAPER,3,True
NEXT,1,True
NICE,1,True
NIGHT,1,True
NINE,1,True
NO,1,True
NOBODY,3,True
NOD,1,True
NOISE,1,True
NOMINATION,4,True
NONE,1,True
NONETHELESS,3,True
NOR,1,True
NORMAL,2,True
NORMALLY,3,True
NORTH,1,True
NORTHERN,2,True
NOSE,1,True
NOT,1,True
NOTE,1,True
NOTHING,2,True
NOTICE,2,True
NOTION,2,True
NOVEL,2,True
NOW,1,True
NOWHERE,2,True
NUCLEAR,3,True
NUMBER,2,True
NUMEROUS,3,True
NURSE,1,True
NUT,1,True
OBJECT,2,True
OBJECTIVE,3,False
OBLIGATION,4,True
OBSERVATION,4,True
OBSERVE,2,False
OBSERVER,3,False
OBTAIN,2,False
OBVIOUS,3,True
OBVIOUSLY,4,True
OCCASION,3,False
OCCASIONALLY,5,False
OCCUPATION,4,True
OCCUPY,3,True
OCCUR,2,False
OCEAN,2,True
ODD,1,True
ODDS,1,True
OF,1,True
OFF,1,True
OFFENSE,2,False
OFFENSIVE,3,False
OFFER,2,True
OFFICE,2,True
OFFICER,3,True
OFFICIAL,3,False
OFTEN,2,True
OH,1,True
OIL,1,True
OK,2,True
OKAY,2,True
OLD,1,True
OLYMPIC,3,False
ON,1,True
ONCE,1,True
ONE,1,True
ONGOING,3,True
ONION,2,True
ONLINE,2,True
ONLY,2,True
ONTO,2,True
OPEN,2,True
OPENING,3,True
OPERATE,3,True
OPERATING,4,True
OPERATION,4,True
OPERATOR,4,True
OPINION,3,False
OPPONENT,3,False
OPPORTUNITY,5,True
OPPOSE,2,False
OPPOSITE,3,True
OPPOSITION,4,True
OPTION,2,True
OR,1,True
ORANGE,2,True
ORDER,2,True
ORDINARY,4,True
ORGANIC,3,False
ORGANIZATION,5,True
ORGANIZE,3,True
ORIENTATION,5,True
ORIGIN,3,True
ORIGINAL,4,False
ORIGINALLY,5,False
OTHER,2,True
OTHERS,2,True
OTHERWISE,3,True
OUGHT,1,True
OUR,2,True
OURSELVES,3,False
OUT,1,True
OUTCOME,2,True
OUTSIDE,2,True
OVEN,2,True
OVER,2,True
OVERALL,3,True
OVERCOME,3,True
OVERLOOK,3,True
OWE,1,True
OWN,1,True
OWNER,2,True
PACE,1,True
PACK,1,True
PACKAGE,2,True
PAGE,1,True
PAIN,1,True
PAINFUL,2,True
PAINT,1,True
PAINTER,2,True
PAINTING,2,True
PAIR,1,True
PALE,1,True
PALESTINIAN,5,True
PALM,1,True
PAN,1,True
PANEL,2,True
PANT,1,True
PAPER,2,True
PARENT,2,True
PARK,1,True
PARKING,2,True
PART,1,True
PARTICIPANT,4,False
PARTICIPATE,4,False
PARTICIPATION,5,False
PARTICULAR,4,False
PARTICULARLY,5,True
PARTLY,2,True
PARTNER,2,True
PARTNERSHIP,3,True
PARTY,2,True
PASS,1,True
PASSAGE,2,True
PASSENGER,3,True
PASSION,2,True
PAST,1,True
PATCH,1,True
PATH,1,True
PATIENT,2,True
PATTERN,2,True
PAUSE,1,True
PAY,1,True
PAYMENT,2,True
PC,2,True
PEACE,1,True
PEAK,1,True
PEER,1,True
PENALTY,3,True
PEOPLE,2,True
PEPPER,2,True
PER,1,True
PERCEIVE,2,False
PERCENTAGE,3,False
PERCEPTION,3,False
PERFECT,2,False
PERFECTLY,3,True
PERFORM,2,False
PERFORMANCE,3,False
PERHAPS,2,False
PERIOD,3,True
PERMANENT,3,True
PERMISSION,3,False
PERMIT,2,False
PERSON,2,True
PERSONAL,3,True
PERSONALITY,5,True
PERSONALLY,4,True
PERSONNEL,3,True
PERSPECTIVE,3,False
PERSUADE,2,False
PET,1,True
PHASE,1,True
PHENOMENON,4,False
PHILOSOPHY,4,False
PHONE,1,True
PHOTO,2,True
PHOTOGRAPH,3,True
PHOTOGRAPHER,4,False
PHRASE,1,True
PHYSICAL,3,True
PHYSICALLY,4,True
PHYSICIAN,3,False
PIANO,3,False
PICK,1,True
PICTURE,2,True
PIE,1,True
PIECE,1,True
PILE,1,True
PILOT,2,True
PINE,1,True
PINK,1,True
PIPE,1,True
PITCH,1,True
PLACE,1,True
PLAN,1,True
PLANE,1,True
PLANET,2,True
PLANNING,2,True
PLANT,1,True
PLASTIC,2,True
PLATE,1,True
PLATFORM,2,True
PLAY,1,True
PLAYER,2,True
PLEASE,1,True
PLEASURE,2,True
PLENTY,2,True
PLOT,1,True
PLUS,1,True
PM,2,True
POCKET,2,True
POEM,2,True
POET,2,True
POETRY,3,True
POINT,1,True
POLE,1,True
POLICE,2,False
POLICY,3,True
POLITICAL,4,False
POLITICALLY,5,False
POLITICIAN,4,True
POLITICS,3,True
POLL,1,True
POLLUTION,3,False
POOL,1,True
POOR,1,True
POP,1,True
POPULAR,3,True
POPULATION,4,True
PORCH,1,True
PORT,1,True
PORTION,2,True
PORTRAIT,2,True
PORTRAY,2,False
POSE,1,True
POSITION,3,False
POSITIVE,3,True
POSSESS,2,False
POSSIBILITY,5,True
POSSIBLE,3,True
POSSIBLY,3,True
POST,1,True
POT,1,True
POTATO,3,False
POTENTIAL,3,False
POTENTIALLY,4,False
POUND,1,True
POUR,1,True
POVERTY,3,True
POWDER,2,True
POWER,2,True
POWERFUL,3,True
PRACTICAL,3,True
PRACTICE,2,True
PRAY,1,True
PRAYER,1,True
PRECISELY,3,False
PREDICT,2,False
PREFER,2,False
PREFERENCE,3,True
PREGNANCY,3,True
PREGNANT,2,True
PREPARATION,4,True
PREPARE,2,False
PRESCRIPTION,3,False
PRESENCE,2,True
PRESENT,2,True
PRESENTATION,4,True
PRESERVE,2,False
PRESIDENT,3,True
PRESIDENTIAL,4,True
PRESS,1,True
PRESSURE,2,True
PRETEND,2,False
PRETTY,2,True
PREVENT,2,False
PREVIOUS,3,True
PREVIOUSLY,4,True
PRICE,1,True
PRIDE,1,True
PRIEST,1,True
PRIMARILY,4,False
PRIMARY,3,True
PRIME,1,True
PRINCIPAL,3,True
PRINCIPLE,3,True
PRINT,1,True
PRIOR,2,True
PRIORITY,4,False
PRISON,2,True
PRISONER,3,True
PRIVACY,3,True
PRIVATE,2,True
PROBABLY,3,True
PROBLEM,2,True
PROCEDURE,3,False
PROCEED,2,False
PROCESS,2,True
PRODUCE,2,False
PRODUCER,3,False
PRODUCT,2,True
PRODUCTION,3,False
PROFESSION,3,False
PROFESSIONAL,4,False
PROFESSOR,3,False
PROFILE,2,True
PROFIT,2,True
PROGRAM,2,True
PROGRESS,2,True
PROJECT,2,True
PROMINENT,3,True
PROMISE,2,True
PROMOTE,2,False
PROMPT,1,True
PROOF,1,True
PROPER,2,True
PROPERLY,3,True
PROPERTY,3,True
PROPORTION,3,False
PROPOSAL,3,False
PROPOSE,2,False
PROPOSED,2,False
PROSECUTOR,4,True
PROSPECT,2,True
PROTECT,2,False
PROTECTION,3,False
PROTEIN,2,True
PROTEST,2,True
PROUD,1,True
PROVE,1,True
PROVIDE,2,False
PROVIDER,3,False
PROVINCE,2,True
PROVISION,3,False
PSYCHOLOGICAL,5,True
PSYCHOLOGIST,4,False
PSYCHOLOGY,4,False
PUBLIC,2,True
PUBLICATION,4,True
PUBLICLY,3,True
PUBLISH,2,True
PUBLISHER,3,True
PULL,1,True
PUNISHMENT,3,True
PURCHASE,2,True
PURE,1,True
PURPOSE,2,True
PURSUE,2,False
PUSH,1,True
PUT,1,True
QUALIFY,3,True
QUALITY,3,True
QUARTER,2,True
QUARTERBACK,3,True
QUESTION,2,True
QUICK,1,True
QUICKLY,2,True
QUIET,2,True
QUIETLY,3,True
QUIT,1,True
QUITE,1,True
QUOTE,1,True
RACE,1,True
RACIAL,2,True
RADICAL,3,True
RADIO,3,True
RAIL,1,True
RAIN,1,True
RAISE,1,True
RANGE,1,True
RANK,1,True
RAPID,2,True
RAPIDLY,3,True
RARE,1,True
RARELY,2,True
RATE,1,True
RATHER,2,True
RATING,2,True
RATIO,3,True
RAW,1,True
REACH,1,True
REACT,2,False
REACTION,3,False
READ,1,True
READER,2,True
READING,2,True
READY,2,True
REAL,1,True
REALITY,4,True
REALIZE,3,True
REALLY,2,True
REASON,2,True
REASONABLE,4,True
RECALL,2,True
RECEIVE,2,False
RECENT,2,True
RECENTLY,3,True
RECIPE,3,True
RECOGNITION,4,True
RECOGNIZE,3,True
RECOMMEND,3,True
RECOMMENDATION,5,True
RECORD,2,False
RECORDING,3,False
RECOVER,3,False
RECOVERY,3,False
RECRUIT,2,False
RED,1,True
REDUCE,2,False
REDUCTION,3,False
REFER,2,False
REFERENCE,3,True
REFLECT,2,False
REFLECTION,3,False
REFORM,2,False
REFUGEE,3,True
REFUSE,2,False
REGARD,2,False
REGARDING,3,False
REGARDLESS,3,False
REGIME,2,False
REGION,2,True
REGIONAL,3,True
REGISTER,3,True
REGULAR,3,True
REGULARLY,4,True
REGULATE,3,True
REGULATION,4,True
REINFORCE,3,True
REJECT,2,False
RELATE,2,False
RELATION,3,False
RELATIONSHIP,4,False
RELATIVE,3,True
RELATIVELY,4,True
RELAX,2,False
RELEASE,2,False
RELEVANT,3,True
RELIEF,2,False
RELIGION,3,False
RELIGIOUS,3,False
RELY,2,False
REMAIN,2,False
REMAINING,3,False
REMARKABLE,4,False
REMEMBER,3,False
REMIND,2,False
REMOTE,2,False
REMOVE,2,False
REPEAT,2,False
REPEATEDLY,4,False
REPLACE,2,True
REPLY,2,False
REPORT,2,False
REPORTER,3,False
REPRESENT,3,True
REPRESENTATION,5,True
REPRESENTATIVE,5,True
REPUBLICAN,4,False
REPUTATION,4,True
REQUEST,2,False
REQUIRE,3,True
REQUIREMENT,3,False
RESEARCH,2,False
RESEARCHER,3,True
RESEMBLE,3,False
RESERVATION,4,True
RESIDENT,3,True
RESIST,2,False
RESISTANCE,3,False
RESOLUTION,4,True
RESOLVE,2,False
RESORT,2,False
RESOURCE,2,True
RESPECT,2,False
RESPOND,2,False
RESPONDENT,3,False
RESPONSE,2,False
RESPONSIBILITY,6,False
RESPONSIBLE,4,False
REST,1,True
RESTAURANT,3,True
RESTORE,2,False
RESTRICTION,3,False
RESULT,2,False
RETAIN,2,False
RETIRE,2,False
RETIREMENT,4,False
RETURN,2,False
REVEAL,2,False
REVENUE,3,True
REVIEW,2,True
REVOLUTION,4,True
RHYTHM,2,True
RICE,1,True
RICH,1,True
RID,1,True
RIDE,1,True
RIFLE,2,True
RIGHT,1,True
RING,1,True
RISE,1,True
RISK,1,True
RIVER,2,True
ROAD,1,True
ROCK,1,True
ROLE,1,True
ROLL,1,True
ROMANTIC,3,False
ROOF,1,True
ROOM,1,True
ROOT,1,True
ROPE,1,True
ROSE,1,True
ROUGH,1,True
ROUGHLY,2,True
ROUND,1,True
ROUTE,1,True
ROUTINE,2,False
ROW,1,True
RUB,1,True
RULE,1,True
RUN,1,True
RUNNING,2,True
RURAL,2,True
RUSH,1,True
RUSSIAN,2,True
SACRED,2,True
SAD,1,True
SAFE,1,True
SAFETY,2,True
SAKE,1,True
SALAD,2,True
SALARY,3,True
SALE,1,True
SALES,1,True
SALT,1,True
SAME,1,True
SAMPLE,2,True
SANCTION,2,True
SAND,1,True
SATELLITE,3,True
SATISFACTION,4,True
SATISFY,3,True
SAUCE,1,True
SAVE,1,True
SAVING,2,True
SAY,1,True
SCALE,1,True
SCANDAL,2,True
SCARED,1,True
SCENARIO,4,False
SCENE,1,True
SCHEDULE,2,True
SCHEME,1,True
SCHOLAR,2,True
SCHOLARSHIP,3,True
SCHOOL,1,True
SCIENCE,2,True
SCIENTIFIC,4,True
SCIENTIST,3,True
SCOPE,1,True
SCORE,1,True
SCREAM,1,True
SCREEN,1,True
SCRIPT,1,True
SEA,1,True
SEARCH,1,True
SEASON,2,True
SEAT,1,True
SECOND,2,True
SECRET,2,True
SECRETARY,4,True
SECTION,2,True
SECTOR,2,True
SECURE,2,False
SECURITY,4,False
SEE,1,True
SEED,1,True
SEEK,1,True
SEEM,1,True
SEGMENT,2,True
SEIZE,1,True
SELECT,2,False
SELECTION,3,False
SELF,1,True
SELL,1,True
SENATE,2,True
SENATOR,3,True
SEND,1,True
SENIOR,2,True
SENSE,1,True
SENSITIVE,3,True
SENTENCE,2,True
SEPARATE,3,True
SEQUENCE,2,True
SERIES,2,True
SERIOUS,3,True
SERIOUSLY,4,True
SERVE,1,True
SERVICE,2,True
SESSION,2,True
SET,1,True
SETTING,2,True
SETTLE,2,True
SETTLEMENT,3,True
SEVEN,2,True
SEVERAL,3,True
SEVERE,2,False
SEX,1,True
SEXUAL,3,True
SHADE,1,True
SHADOW,2,True
SHAKE,1,True
SHALL,1,True
SHAPE,1,True
SHARE,1,True
SHARP,1,True
SHE,1,True
SHEET,1,True
SHELF,1,True
SHELL,1,True
SHELTER,2,True
SHIFT,1,True
SHINE,1,True
SHIP,1,True
SHIRT,1,True
SHIT,1,True
SHOCK,1,True
SHOE,1,True
SHOOT,1,True
SHOOTING,2,True
SHOP,1,True
SHOPPING,2,True
SHORE,1,True
SHORT,1,True
SHORTLY,2,True
SHOT,1,True
SHOULD,1,True
SHOULDER,2,True
SHOUT,1,True
SHOW,1,True
SHOWER,2,True
SHRUG,1,True
SHUT,1,True
SICK,1,True
SIDE,1,True
SIGH,1,True
SIGHT,1,True
SIGN,1,True
SIGNAL,2,True
SIGNIFICANCE,4,False
SIGNIFICANT,4,False
SIGNIFICANTLY,5,False
SILENCE,2,True
SILENT,2,True
SILVER,2,True
SIMILAR,3,True
SIMILARLY,4,True
SIMPLE,2,True
SIMPLY,2,True
SIN,1,True
SINCE,1,True
SING,1,True
SINGER,2,True
SINGLE,2,True
SINK,1,True
SIR,1,True
SISTER,2,True
SIT,1,True
SITE,1,True
SITUATION,4,True
SIX,1,True
SIZE,1,True
SKI,1,True
SKILL,1,True
SKIN,1,True
SKY,1,True
SLAVE,1,True
SLEEP,1,True
SLICE,1,True
SLIDE,1,True
SLIGHT,1,True
SLIGHTLY,2,True
SLIP,1,True
SLOW,1,True
SLOWLY,2,True
SMALL,1,True
SMART,1,True
SMELL,1,True
SMILE,1,True
SMOKE,1,True
SMOOTH,1,True
SNAP,1,True
SNOW,1,True
SO,1,True
SO-CALLED,2,True
SOCCER,2,True
SOCIAL,2,True
SOCIETY,4,False
SOFT,1,True
SOFTWARE,2,True
SOIL,1,True
SOLAR,2,True
SOLDIER,2,True
SOLID,2,True
SOLUTION,3,False
SOLVE,1,True
SOME,1,True
SOMEBODY,3,True
SOMEHOW,2,True
SOMEONE,2,True
SOMETHING,2,True
SOMETIMES,2,False
SOMEWHAT,2,True
SOMEWHERE,2,True
SON,1,True
SONG,1,True
SOON,1,True
SOPHISTICATED,5,False
SORRY,2,True
SORT,1,True
SOUL,1,True
SOUND,1,True
SOUP,1,True
SOURCE,1,True
SOUTH,1,True
SOUTHERN,2,True
SOVIET,3,True
SPACE,1,True
SPANISH,2,True
SPEAK,1,True
SPEAKER,2,True
SPECIAL,2,True
SPECIALIST,3,True
SPECIES,2,True
SPECIFIC,3,False
SPECIFICALLY,4,False
SPEECH,1,True
SPEED,1,True
SPEND,1,True
SPENDING,2,True
SPIN,1,True
SPIRIT,2,True
SPIRITUAL,4,True
SPLIT,1,True
SPOKESMAN,2,True
SPORT,1,True
SPOT,1,True
SPREAD,1,True
SPRING,1,True
SQUARE,1,True
SQUEEZE,1,True
STABILITY,4,False
STABLE,2,True
STAFF,1,True
STAGE,1,True
STAIR,1,True
STAKE,1,True
STAND,1,True
STANDARD,2,True
STANDING,2,True
STAR,1,True
STARE,1,True
START,1,True
STATE,1,True
STATEMENT,2,True
STATION,2,True
STATISTICS,3,False
STATUS,2,True
STAY,1,True
STEADY,2,True
STEAL,1,True
STEEL,1,True
STEP,1,True
STICK,1,True
STILL,1,True
STIR,1,True
STOCK,1,True
STOMACH,2,True
STONE,1,True
STOP,1,True
STORAGE,2,True
STORE,1,True
STORM,1,True
STORY,2,True
STRAIGHT,1,True
STRANGE,1,True
STRANGER,2,True
STRATEGIC,3,False
STRATEGY,3,True
STREAM,1,True
STREET,1,True
STRENGTH,1,True
STRENGTHEN,2,True
STRESS,1,True
STRETCH,1,True
STRIKE,1,True
STRING,1,True
STRIP,1,True
STROKE,1,True
STRONG,1,True
STRONGLY,2,True
STRUCTURE,2,True
STRUGGLE,2,True
STUDENT,2,True
STUDIO,3,True
STUDY,2,True
STUFF,1,True
STUPID,2,True
STYLE,1,True
SUBJECT,2,False
SUBMIT,2,False
SUBSEQUENT,3,True
SUBSTANCE,2,True
SUBSTANTIAL,3,False
SUCCEED,2,False
SUCCESS,2,False
SUCCESSFUL,3,False
SUCCESSFULLY,4,False
SUCH,1,True
SUDDEN,2,True
SUDDENLY,3,True
SUE,1,True
SUFFER,2,True
SUFFICIENT,3,False
SUGAR,2,True
SUGGEST,2,False
SUGGESTION,3,False
SUICIDE,3,True
SUIT,1,True
SUMMER,2,True
SUMMIT,2,True
SUN,1,True
SUPER,2,True
SUPPLY,2,False
SUPPORT,2,False
SUPPORTER,3,False
SUPPOSE,2,False
SUPPOSED,2,False
SUPREME,2,False
SURE,1,True
SURELY,2,True
SURFACE,2,True
SURGERY,3,True
SURPRISE,2,False
SURPRISED,2,False
SURPRISING,3,False
SURPRISINGLY,4,False
SURROUND,2,False
SURVEY,2,False
SURVIVAL,3,False
SURVIVE,2,False
SURVIVOR,3,False
SUSPECT,2,False
SUSTAIN,2,False
SWEAR,1,True
SWEEP,1,True
SWEET,1,True
SWIM,1,True
SWING,1,True
SWITCH,1,True
SYMBOL,2,True
SYMPTOM,2,True
SYSTEM,2,True
TABLE,2,True
TABLESPOON,3,True
TACTIC,2,True
TAIL,1,True
TAKE,1,True
TALE,1,True
TALENT,2,True
TALK,1,True
TALL,1,True
TANK,1,True
TAP,1,True
TAPE,1,True
TARGET,2,True
TASK,1,True
TASTE,1,True
TAX,1,True
TAXPAYER,3,True
TEA,1,True
TEACH,1,True
TEACHER,2,True
TEACHING,2,True
TEAM,1,True
TEAR,1,True
TEASPOON,2,True
TECHNICAL,3,True
TECHNIQUE,2,False
TECHNOLOGY,4,False
TEEN,1,True
TEENAGER,3,True
TELEPHONE,3,True
TELESCOPE,3,True
TELEVISION,4,True
TELL,1,True
TEMPERATURE,3,True
TEMPORARY,4,True
TEN,1,True
TEND,1,True
TENDENCY,3,True
TENNIS,2,True
TENSION,2,True
TENT,1,True
TERM,1,True
TERMS,1,True
TERRIBLE,3,True
TERRITORY,4,True
TERROR,2,True
TERRORISM,4,True
TERRORIST,3,True
TEST,1,True
TESTIFY,3,True
TESTIMONY,4,True
TESTING,2,True
TEXT,1,True
THAN,1,True
THANK,1,True
THANKS,1,True
THAT,1,True
THE,1,False
THEATER,3,True
THEIR,1,True
THEM,1,True
THEME,1,True
THEMSELVES,2,False
THEN,1,True
THEORY,2,True
THERAPY,3,True
THERE,1,True
THEREFORE,2,True
THESE,1,True
THEY,1,True
THICK,1,True
THIN,1,True
THING,1,True
THINK,1,True
THINKING,2,True
THIRD,1,True
THIRTY,2,True
THIS,1,True
THOSE,1,True
THOUGH,1,True
THOUGHT,1,True
THOUSAND,2,True
THREAT,1,True
THREATEN,2,True
THREE,1,True
THROAT,1,True
THROUGH,1,True
THROUGHOUT,2,False
THROW,1,True
THUS,1,True
TICKET,2,True
TIE,1,True
TIGHT,1,True
TIME,1,True
TINY,2,True
TIP,1,True
TIRE,2,True
TIRED,2,True
TISSUE,2,True
TITLE,2,True
TO,1,True
TOBACCO,3,False
TODAY,2,False
TOE,1,True
TOGETHER,3,False
TOMATO,3,False
TOMORROW,3,False
TONE,1,True
TONGUE,1,True
TONIGHT,2,False
TOO,1,True
TOOL,1,True
TOOTH,1,True
TOP,1,True
TOPIC,2,True
TOSS,1,True
TOTAL,2,True
TOTALLY,3,True
TOUCH,1,True
TOUGH,1,True
TOUR,1,True
TOURIST,2,True
TOURNAMENT,3,True
TOWARD,2,False
TOWARDS,2,False
TOWER,2,True
TOWN,1,True
TOY,1,True
TRACE,1,True
TRACK,1,True
TRADE,1,True
TRADITION,3,False
TRADITIONAL,4,False
TRAFFIC,2,True
TRAGEDY,3,True
TRAIL,1,True
TRAIN,1,True
TRAINING,2,True
TRANSFER,2,False
TRANSFORM,2,False
TRANSFORMATION,4,True
TRANSITION,3,False
TRANSLATE,2,False
TRANSPORTATION,4,True
TRAVEL,2,True
TREAT,1,True
TREATMENT,2,True
TREATY,2,True
TREE,1,True
TREMENDOUS,3,False
TREND,1,True
TRIAL,2,True
TRIBE,1,True
TRICK,1,True
TRIP,1,True
TROOP,1,True
TROUBLE,2,True
TRUCK,1,True
TRUE,1,True
TRULY,2,True
TRUST,1,True
TRUTH,1,True
TRY,1,True
TUBE,1,True
TUNNEL,2,True
TURN,1,True
TV,2,True
TWELVE,1,True
TWENTY,2,True
TWICE,1,True
TWIN,1,True
TWO,1,True
TYPE,1,True
TYPICAL,3,True
TYPICALLY,3,True
UGLY,2,True
ULTIMATE,3,True
ULTIMATELY,4,True
UNABLE,3,False
UNCLE,2,True
UNDER,2,True
UNDERGO,3,True
UNDERSTAND,3,True
UNDERSTANDING,4,True
UNFORTUNATELY,5,False
UNIFORM,3,True
UNION,2,True
UNIQUE,2,False
UNIT,2,True
UNITED,3,False
UNIVERSAL,4,True
UNIVERSE,3,True
UNIVERSITY,5,True
UNKNOWN,2,False
UNLESS,2,False
UNLIKE,2,False
UNLIKELY,3,False
UNTIL,2,False
UNUSUAL,4,False
UP,1,True
UPON,2,False
UPPER,2,True
URBAN,2,True
URGE,1,True
US,1,True
USE,1,True
USED,1,True
USEFUL,2,True
USER,2,True
USUAL,3,True
USUALLY,4,True
UTILITY,4,False
VACATION,3,False
VALLEY,2,True
VALUABLE,3,True
VALUE,2,True
VARIABLE,4,True
VARIATION,4,True
VARIETY,4,False
VARIOUS,3,True
VARY,2,True
VAST,1,True
VEGETABLE,3,True
VEHICLE,3,True
VENTURE,2,True
VERSION,2,True
VERSUS,2,True
VERY,2,True
VESSEL,2,True
VETERAN,3,True
VIA,2,True
VICTIM,2,True
VICTORY,3,True
VIDEO,3,True
VIEW,1,True
VIEWER,2,True
VILLAGE,2,True
VIOLATE,3,True
VIOLATION,4,False
VIOLENCE,3,True
VIOLENT,3,True
VIRTUALLY,4,True
VIRTUE,2,True
VIRUS,2,True
VISIBLE,3,True
VISION,2,True
VISIT,2,True
VISITOR,3,True
VISUAL,3,True
VITAL,2,True
VOICE,1,True
VOLUME,2,True
VOLUNTEER,3,True
VOTE,1,True
VOTER,2,True
VS,2,True
VULNERABLE,4,True
WAGE,1,True
WAIT,1,True
WAKE,1,True
WALK,1,True
WALL,1,True
WANDER,2,True
WANT,1,True
WAR,1,True
WARM,1,True
WARN,1,True
WARNING,2,True
WASH,1,True
WASTE,1,True
WATCH,1,True
WATER,2,True
WAVE,1,True
WAY,1,True
WE,1,True
WEAK,1,True
WEALTH,1,True
WEALTHY,2,True
WEAPON,2,True
WEAR,1,True
WEATHER,2,True
WEDDING,2,True
WEEK,1,True
WEEKEND,2,True
WEEKLY,2,True
WEIGH,1,True
WEIGHT,1,True
WELCOME,2,True
WELFARE,2,True
WELL,1,True
WEST,1,True
WESTERN,2,True
WET,1,True
WHAT,1,True
WHATEVER,3,True
WHEEL,1,True
WHEN,1,True
WHENEVER,3,False
WHERE,1,True
WHEREAS,2,False
WHETHER,2,True
WHICH,1,True
WHILE,1,True
WHISPER,2,True
WHITE,1,True
WHO,1,True
WHOLE,1,True
WHOM,1,True
WHOSE,1,True
WHY,1,True
WIDE,1,True
WIDELY,2,True
WIDESPREAD,2,True
WIFE,1,True
WILD,1,True
WILL,1,True
WILLING,2,True
WIN,1,True
WIND,1,True
WINDOW,2,True
WINE,1,True
WING,1,True
WINNER,2,True
WINTER,2,True
WIPE,1,True
WIRE,2,True
WISDOM,2,True
WISE,1,True
WISH,1,True
WITH,1,True
WITHDRAW,2,False
WITHIN,2,False
WITHOUT,2,False
WITNESS,2,True
WOMAN,2,True
WONDER,2,True
WONDERFUL,3,True
WOOD,1,True
WOODEN,2,True
WORD,1,True
WORK,1,True
WORKER,2,True
WORKING,2,True
WORKS,1,True
WORKSHOP,2,True
WORLD,1,True
WORRIED,2,True
WORRY,2,True
WORTH,1,True
WOULD,1,True
WOUND,1,True
WRAP,1,True
WRITE,1,True
WRITER,2,True
WRITING,2,True
WRONG,1,True
YARD,1,True
YEAH,1,True
YEAR,1,True
YELL,1,True
YELLOW,2,True
YES,1,True
YESTERDAY,3,True
YET,1,True
YIELD,1,True
YOU,1,True
YOUNG,1,True
YOUR,1,True
YOURS,1,True
YOURSELF,2,False
YOUTH,1,True
ZONE,1,True
